"Reference","Value","Datasheet","Footprint","Qty","DNP","Mouser Part Number","LCSC Part Number","Manufacturer","Manufacturer Part Number","Type","Notes"
"C1,C4,C6,C11,C22,C24,C26,C29,C32","0.1uF","~","Capacitor_SMD:C_0603_1608Metric_Pad1.08x0.95mm_HandSolder","9","","","C1591","Samsung Electro-Mechanics","CL10B104KB8NNNC","SMD",""
"C5","10uF 25V","~","Capacitor_Tantalum_SMD:CP_EIA-3528-12_Kemet-T_Pad1.50x2.35mm_HandSolder","1","","","C7194","Kyocera AVX","TAJB106K025RNJ","SMD",""
"C7,C8,C30","10uF 16V","~","Capacitor_Tantalum_SMD:CP_EIA-3216-18_Kemet-A_Pad1.58x1.35mm_HandSolder","3","","80--T491A106K016","C7171","Kyocera AVX","TAJA106K016RNJ","SMD",""
"C10,C21,C23,C25","1nF","~","Capacitor_SMD:C_0603_1608Metric_Pad1.08x0.95mm_HandSolder","4","","","C1588","Samsung Electro-Mechanics","CL10B102KB8NNNC","SMD",""
"D1","SM5819PL 1A 40V","~","Diode_SMD:D_SMA","1","","833-SM5819PL-TP","C669023","MCC","SM5819PL-TP","SMD",""
"D2,D15,D20,D21,D22,D26","12V TVS","~","Diode_SMD:D_SOD-323_HandSoldering","6","","","C502541 or C5199168","MDD(Microdiode Semiconductor)","GBLC12C","SMD",""
"D3,D10,D25,D28,D31","ES1D 1A 200V","~","Diode_SMD:D_SMA_Handsoldering","5","","512-ES1D","C445494","MDD(Microdiode Semiconductor)","ES1D","SMD",""
"D4,D5,D6,D8,D12,D32","LED 0805 (green)","~","LED_SMD:LED_0805_2012Metric_Pad1.15x1.40mm_HandSolder","6","","710-150080GS75000","C434432","Yongyu Photoelectric","SZYY0805G","SMD",""
"D7,D13,D14,D16,D17,D18,D19,D23,D29","3.3V TVS","~","Diode_SMD:D_SOD-323_HandSoldering","9","","","C78439","Brightking","UDD32C03L01","SMD",""
"D9,D24,D27,D30","BAT54(C)","~","FanPico:D_SOT-23_ANK","4","","241-BAT54C_R1_00001","C2844172","FUXINSEMI","BAT54C","SMD",""
"D11,D33,D34,D35,D36","5V TVS","~","Diode_SMD:D_SOD-323_HandSoldering","5","","","C5180216","ElecSuper","PESD5V0S1BA-ES","SMD",""
"F1","Polyfuse 2A","~","Fuse:Fuse_2920_7451Metric_Pad2.10x5.45mm_HandSolder","1","","","C910843","BHFUSE","BSMD2920-200-33V","SMD",""
"F2","Polyfuse 0.5A","~","Fuse:Fuse_1206_3216Metric_Pad1.42x1.75mm_HandSolder","1","","530-0ZCJ0050AF2E","C70072","TECHFUSE","nSMD035-16V","SMD",""
"F3","Polyfuse 1.5A","~","Fuse:Fuse_2920_7451Metric_Pad2.10x5.45mm_HandSolder","1","","","C70138 or C22447157","TECHFUSE","SMD150L","SMD",""
"G1","qwiic_Logo","","sparkfun-qwiic:qwiic_5mm","1","","","","","","",""
"H1,H2,H3,H4","MountingHole_Pad","~","MountingHole:MountingHole_3.2mm_M3_Pad_Via","4","DNP","N/A","N/A","","","",""
"J1","Floppy / DC  Connector","~","FanPico:TE 171826-4 Floppy 4-pin Combo","1","","","C590635 / C720558","XUNPU","DC-005-A250","THT",""
"J2","I2C (OLED ALT)","~","Connector_PinSocket_2.54mm:PinSocket_1x04_P2.54mm_Vertical","1","DNP","","C2935975","DEALON","DM254R-11-04-85","THT",""
"J3","I2C (OLED)","~","Connector_PinSocket_2.54mm:PinSocket_1x04_P2.54mm_Vertical","1","","","C2935975","DEALON","DM254R-11-04-85","THT",""
"J4","MB Fan1 Input","~","Connector:FanPinHeader_1x04_P2.54mm_Vertical","1","","538-47053-1000","C240840","MOLEX","470531000","THT","KF2510-AW 3+1P (Red)"
"J5","1-Wire","~","TerminalBlock_TE-Connectivity:TerminalBlock_TE_282834-3_1x03_P2.54mm_Horizontal","1","","","C68305 or C5188443","BOOMELE(Boom Precision Elec)","2.54-3P","THT",""
"J6","QWIIC","~","Connector_JST:JST_SH_SM04B-SRSS-TB_1x04-1MP_P1.00mm_Horizontal","1","","","C160404","JST","SM04B-SRSS-TB(LF)(SN)","SMD",""
"J8","Fan1 Output","~","Connector:FanPinHeader_1x04_P2.54mm_Vertical","1","","538-47053-1000","C240840","MOLEX","470531000","THT","KF2510-AW 3+1P (Black)"
"J12","Fan2 Output","~","Connector:FanPinHeader_1x04_P2.54mm_Vertical","1","","538-47053-1000","C240840","MOLEX","470531000","THT","KF2510-AW 3+1P (Black)"
"J13","Fan3 Output","~","Connector:FanPinHeader_1x04_P2.54mm_Vertical","1","","538-47053-1000","C240840","MOLEX","470531000","THT","KF2510-AW 3+1P (Black)"
"J14","Fan4 Output","~","Connector:FanPinHeader_1x04_P2.54mm_Vertical","1","","538-47053-1000","C240840","MOLEX","470531000","THT","KF2510-AW 3+1P (Black)"
"J16","Sensor1","~","Connector_JST:JST_XH_B2B-XH-A_1x02_P2.50mm_Vertical","1","","","C158012","JST","B2B-XH-A(LF)(SN)","THT",""
"J17","Sensor2","~","Connector_JST:JST_XH_B2B-XH-A_1x02_P2.50mm_Vertical","1","","","C158012","JST","B2B-XH-A(LF)(SN)","THT",""
"J18","LCD (SPI)","~","Connector_PinHeader_2.54mm:PinHeader_2x05_P2.54mm_Vertical","1","","","C492422","XFCN","PZ254V-12-10P","THT",""
"J19","Serial Console (TTL)","~","Connector_PinHeader_2.54mm:PinHeader_1x03_P2.54mm_Vertical","1","","","C2937625","XFCN","PZ254V-11-03P","THT",""
"JP1","Power Selector","~","Connector_PinHeader_2.54mm:PinHeader_1x03_P2.54mm_Vertical","1","","","C2937625","XFCN","PZ254V-11-03P","THT",""
"JP12","1-Wire PullUp Enable","~","Connector_PinHeader_2.54mm:PinHeader_1x02_P2.54mm_Vertical","1","","","C492401","XFCN","PZ254V-11-02P","THT",""
"Q1,Q2","2N7002K","https://www.diodes.com/assets/Datasheets/2N7002K.pdf","Package_TO_SOT_SMD:SOT-23","2","","512-2N7002K","C85047","DIODES","2N7002K-7","SMD",""
"R1,R4,R11","1k","~","Resistor_SMD:R_0603_1608Metric_Pad0.98x0.95mm_HandSolder","3","","","C22548","YAGEO","RC0603FR-071KL","SMD",""
"R2","4.7k","~","Resistor_SMD:R_0603_1608Metric_Pad0.98x0.95mm_HandSolder","1","","","C99782","YAGEO","RC0603FR-074K7L","SMD",""
"R3,R48","330","~","Resistor_SMD:R_0603_1608Metric_Pad0.98x0.95mm_HandSolder","2","","","C105881","YAGEO","RC0603FR-07330RL","SMD",""
"R5,R7,R13,R15,R37,R40,R43,R50,R51","10k","~","Resistor_SMD:R_0603_1608Metric_Pad0.98x0.95mm_HandSolder","9","","","C98220","YAGEO","RC0603FR-0710KL","SMD",""
"R6","4.99k","~","Resistor_SMD:R_0603_1608Metric_Pad0.98x0.95mm_HandSolder","1","","","C114621","YAGEO","RC0603FR-074K99L","SMD",""
"R9,R10,R12,R16","49.9k","~","Resistor_SMD:R_0603_1608Metric_Pad0.98x0.95mm_HandSolder","4","","","C114624","YAGEO","RC0603FR-0749K9L","SMD",""
"R14,R38,R41,R44","680","~","Resistor_SMD:R_0603_1608Metric_Pad0.98x0.95mm_HandSolder","4","","","C115415","YAGEO","RC0603JR-07680RL","SMD",""
"R49,R55","0","~","Resistor_SMD:R_0603_1608Metric_Pad0.98x0.95mm_HandSolder","2","","","C100044 / C21189","YAGEO","RC0603FR-070RL","SMD",""
"R54","0","~","Resistor_SMD:R_0603_1608Metric_Pad0.98x0.95mm_HandSolder","1","DNP","","C100044 / C21189","YAGEO","RC0603FR-070RL","SMD",""
"SW1","SW_Push","~","FanPico:SW_PUSH_6mm_SMD_2","1","","","C221880","C&K","PTS645SM43SMTR92LFS","THT",""
"U1","SN74AHCT126","(AHCT125 =  C36365, AHCT126 =  C155177)","Package_SO:TSSOP-14_4.4x5mm_P0.65mm","1","","","C155177","TI","SN74AHCT126PWR","SMD",""
"U4","Pico W","","FanPico:RPi_Pico_PicoW_SMD_TH","1","","","","Raspberry Pi","Pico W","SMD",""
"U5","SPX1117-ADJ","http://www.diodes.com/datasheets/AP1117.pdf","Package_TO_SOT_SMD:SOT-223-3_TabPin2","1","","","C67402","MaxLinear","SPX1117M3-L/TR","SMD",""
"U6","LM4040DBZ-3","http://www.ti.com/lit/ds/symlink/lm4040-n.pdf","Package_TO_SOT_SMD:SOT-23","1","","","C143326","MAXIM","LM4040AIM3-3.0+T","SMD",""
